3233;_player_list_icon_dummy_
3232;acid_flame
3231;acorn
3230;acorn_quest
3229;advisor
3228;aetelma_tears_scroll
3227;aggr_state_attention
3226;aggro_scroll
3225;agression
3224;air_energy
3223;alchemist_powder_recipe
3222;all_ring_patrick
3221;amber_talisman
3220;amulet_blood_moon_10
3219;amulet_burning_night_5
3218;amulet_dawn_5
3217;amulet_default
3216;amulet_full_cup_5
3215;amulet_glass_dust_10
3214;amulet_ice_guard_10
3213;amulet_of_vengeance_quest
3212;amulet_recipe
3211;amulet_singing_trees_5
3210;amulet_sloe_branch_5
3209;amulet_winter_claws_10
3208;ancient_noble_chest
3207;ancient_poorman_chest
3206;ancient_priest_chest
3205;anger
3204;anger_aura
3203;anthem_protection
3202;apple_cakes
3201;apple_pie
3200;aqoid_bronze
3199;aqoid_gold
3198;aqoid_silver
3197;aquarium_part
3196;archaeologist_thermos
3195;Arena
3194;arena_sp_blood_red_sphere
3193;arena_sp_cut_shoe
3192;arena_sp_demon_pet_1
3191;arena_sp_demon_pet_2
3190;arena_sp_demon_pet_3
3189;arena_sp_demon_pet_stop_buff
3188;arena_sp_demon_stop_buff
3187;arena_sp_demonomicon
3186;arena_sp_dispell_broken
3185;arena_sp_ice_heart
3184;arena_sp_obsidian_dragon
3183;arena_sp_power_sphere
3182;arena_sp_scroll_anti_burn
3181;arena_sp_scroll_broken_stop_buff
3180;arena_sp_scroll_burn
3179;arena_sp_scroll_dragons_broken_stop_buff
3178;arena_sp_snowstorm_sphere
3177;arena_sp_spell_disruptor
3176;arrowheart1
3175;artefact_cards_fair
3174;artefact_cards_inst
3173;artefact_cards_proff
3172;artefact_cards_top
3171;artefact_cards_witcher
3170;artefact_default
3169;artefact_shard_air
3168;artefact_shard_blood
3167;artefact_shard_dark
3166;artefact_shard_earth
3165;artefact_shard_fire
3164;artefact_shard_gold
3163;artefact_shard_light
3162;artefact_shard_rubin
3161;artefact_shard_water
3160;artefact_stone_air
3159;artefact_stone_blood
3158;artefact_stone_dark
3157;artefact_stone_earth
3156;artefact_stone_fire
3155;artefact_stone_gold
3154;artefact_stone_light
3153;artefact_stone_rubin
3152;artefact_stone_water
3151;ashes
3150;assent_to_attack
3149;astral
3148;astral_thread
3147;repair
3146;duel
3145;completedQuest
3144;continueQuest
3143;attention_elf_flag
3142;attention_human_flag
3141;attention_leader_flags
3140;attention_leprous_flags
3139;attention_neutral_flag
3138;newQuest
3137;attention_ruby_dealer
3136;trade
3135;aura_fear
3134;aura_gravitation
3133;aura_of_hunter
3132;aura_real_anger
3131;aura_real_negation
3130;aura_storm
3129;auto_shooting
3128;auto_shooting_enable
3127;automapograff
3126;averter
3125;babymamo_coin_gold
3124;babymamont_coin_copper
3123;babymamont_coin_silver
3122;background
3121;bad_beer_10
3120;bad_blank
3119;bad_materials
3118;bad_tusk
3117;badge_elf
3116;badge_human
3115;bag_сoin_copper
3114;bag_сoin_gold
3113;bag_сoin_silver
3112;bag_pattern
3111;bag_quest
3110;baked_apples
3109;barbwire_flowers
3108;barrel_quest
3107;barshots
3106;battle_axe_quest
3105;battle_bag_01
3104;battle_bag_02
3103;battle_bag_03
3102;battle_bag_04
3101;battle_bag_05
3100;battle_bag_06
3099;battle_bag_default
3098;battle_bag_recipe
3097;battle_mode
3096;beachwear_elffemale
3095;beachwear_elffemale_rich
3094;beachwear_elfmale
3093;beachwear_elfmale_rich
3092;beachwear_humanfemale
3091;beachwear_humanfemale_rich
3090;beachwear_humanmale
3089;beachwear_humanmale_rich
3088;bead_quest
3087;beafstake
3086;bear_head_quest
3085;beast_claw
3084;beast_secret
3083;beetle
3082;bells_quest
3081;belt_default
3080;berries_quest
3079;beta_award_bug_bronza
3078;beta_award_bug_golden
3077;beta_award_bug_silver
3076;big_bug
3075;big_fucking_ring
3074;big_sack
3073;big_scroll_fire
3072;big_scroll_new
3071;big_star
3070;big_vial
3069;bisquit
3068;black_amulet_quest
3067;black_blood
3066;black_blood_spell
3065;black_demonic_card
3064;black_heart
3063;black_mark
3062;black_mark_part
3061;black_stone_quest
3060;blessed_water_quest
3059;block_trade_always
3058;block_trade_dress
3057;blood
3056;blood_bucket
3055;blood_elixir
3054;blood_red_sphere
3053;blood_sample_quest
3052;blue_alchemist_powder
3051;blue_champion_stripe
3050;blue_demonic_card
3049;blue_glass_fragment
3048;blue_glass_heart
3047;blue_seal_archeologist
3046;blue_soul_vial
3045;blueflower_quest
3044;blunt_default
3043;boar_rib_quest
3042;boar_skin_quest
3041;boards
3040;boatswain
3039;boiler_quest
3038;bone
3037;bone_drummer
3036;bone_needle
3035;bone_plate_immortal
3034;bone_plate_of_the_dead
3033;bone_quest
3032;bone_tube_quest
3031;boots_default
3030;border_cool
3029;border_cool_small
3028;border_exclusive
3027;border_exclusive_small
3026;border_high
3025;border_high_small
3024;border_low
3023;border_low_small
3022;border_medium
3021;border_medium_small
3020;border_none
3019;border_none_small
3018;border_special
3017;border_special_small
3016;bottle_attack_10
3015;bottle_attack_10bl
3014;bottle_attack_mech
3013;bottle_energy_10
3012;bottle_energy_11
3011;bottle_energy_12
3010;bottle_health_10
3009;bottle_health_11
3008;bottle_health_12
3007;bottle_mana_10
3006;bottle_mana_11
3005;bottle_mana_12
3004;bottle_of_ale_quest
3003;bottle_of_pain
3002;bottle_quest
3001;bound_puppet
3000;bowarrow
2999;bracelet_default
2998;bracelet_life
2997;bracelet_speed
2996;bravery_mark
2995;bravery_stone
2994;break_spell_1
2993;break_spell_2
2992;break_spell_3
2991;break_spell_4
2990;break_spell_5
2989;break_spell_6
2988;break_spell_7
2987;break_spell_8
2986;break_spell_9
2985;bright_essence
2984;brilliant_quest
2983;bronn_mix
2982;bronn_plate
2981;bronn_pouder
2980;bronze_pick
2979;btndn
2978;bucket
2977;bug_part
2976;bug_scheme
2975;bung
2974;burner_prof
2973;burning_blood
2972;bust_barshot
2971;bust_cannonball
2970;bust_incendiary_cannonball
2969;butcher_axe
2968;cake_new_year
2967;cake_wideass
2966;cakeman
2965;caldron_scroll_of_escape
2964;call_to_arms
2963;candle
2962;candle_quest
2961;candy_cane_01
2960;candy_cane_02
2959;candy_cane_03
2958;candy_cane_04
2957;candy_cane_05
2956;candy_cane_06
2955;candy_cane_07
2954;capture_elf_flag
2953;capture_human_flag
2952;capture_neutral_flag
2951;card_coin_copper
2950;card_coin_gold
2949;card_coin_silver
2948;card_icon_back
2947;card_ikon_b_02
2946;card_ikon_b_03
2945;card_ikon_b_04
2944;card_ikon_b_05
2943;card_ikon_b_06
2942;card_ikon_b_07
2941;card_ikon_b_08
2940;card_ikon_b_09
2939;card_ikon_b_10
2938;card_ikon_b_11_j
2937;card_ikon_b_12_q
2936;card_ikon_b_13_k
2935;card_ikon_b_14_a
2934;card_ikon_c_02
2933;card_ikon_c_03
2932;card_ikon_c_04
2931;card_ikon_c_05
2930;card_ikon_c_06
2929;card_ikon_c_07
2928;card_ikon_c_08
2927;card_ikon_c_09
2926;card_ikon_c_10
2925;card_ikon_c_11_j
2924;card_ikon_c_12_q
2923;card_ikon_c_13_k
2922;card_ikon_c_14_a
2921;card_ikon_joker
2920;card_ikon_k_02
2919;card_ikon_k_03
2918;card_ikon_k_04
2917;card_ikon_k_05
2916;card_ikon_k_06
2915;card_ikon_k_07
2914;card_ikon_k_08
2913;card_ikon_k_09
2912;card_ikon_k_10
2911;card_ikon_k_11_j
2910;card_ikon_k_12_q
2909;card_ikon_k_13_k
2908;card_ikon_k_14_a
2907;card_ikon_p_02
2906;card_ikon_p_03
2905;card_ikon_p_04
2904;card_ikon_p_05
2903;card_ikon_p_06
2902;card_ikon_p_07
2901;card_ikon_p_08
2900;card_ikon_p_09
2899;card_ikon_p_10
2898;card_ikon_p_11_j
2897;card_ikon_p_12_q
2896;card_ikon_p_13_k
2895;card_ikon_p_14_a
2894;cards_big_fucking_ring
2893;cards_booster_part_grass
2892;cards_booster_part_ore
2891;cards_booster_recipe
2890;cards_bracelet_speed
2889;cards_clubs
2888;cards_diamonds
2887;cards_drop_horn
2886;cards_fair_attack_ring
2885;cards_fair_defense_ring
2884;cards_golden_horn
2883;cards_hearts
2882;cards_mashroom
2881;cards_reputation_pve1_0
2880;cards_reputation_pve2_0
2879;cards_reputation_pve4_0
2878;cards_reputation_pvp1_0
2877;cards_reputation_pvp2_0
2876;cards_reputation_pvp6_0
2875;cards_reputation_rep21_0
2874;cards_spades
2873;casket_quest
2872;casting_mold
2871;castle_flag
2870;castle_key
2869;cat_away
2868;cat_pet
2867;cat_whistle
2866;caterpillar_gold
2865;cats_buff
2864;cell_4_small
2863;ceratos
2862;chained_man
2861;champion_vine
2860;change_color
2859;change_weapon
2858;chart
2857;chat_channel_clan
2856;chat_channel_group
2855;chat_channel_private
2854;chat_channel_region
2853;chat_channel_trade
2852;chat_roster_all
2851;chat_roster_friend
2850;chBlue
2849;cherry
2848;cherry_quest
2847;chest_blue
2846;chest_bronze
2845;chest_default
2844;chest_gold
2843;chest_green
2842;chest_happy
2841;chest_jewel
2840;chest_purple
2839;chest_silver
2838;chest_tailen
2837;chest_warrior
2836;chest_white
2835;chest_yellow
2834;chGold
2833;chimera_scale_small
2832;chimera_trinket
2831;chimera_trinket_recipe
2830;chitin_quest
2829;chocolate
2828;chOpen
2827;chRed
2826;clans_2009_may_10_copper
2825;clans_2009_may_10_gold
2824;clans_2009_may_10_silver
2823;class_cleric_small
2822;class_cleric_social
2821;class_mage_small
2820;class_mage_social
2819;class_none_small
2818;class_none_social
2817;class_paladin_small
2816;class_paladin_social
2815;class_rogue_small
2814;class_rogue_social
2813;class_shooter_small
2812;class_shooter_social
2811;class_warrior_small
2810;class_warrior_social
2809;clear_water
2808;cleric
2807;cleric_amulet_10
2806;cleric_amulet_11
2805;cleric_amulet_12
2804;cleric_belt_10_elf
2803;cleric_belt_10_human
2802;cleric_belt_11_elf
2801;cleric_belt_11_human
2800;cleric_belt_12_elf
2799;cleric_belt_12_human
2798;cleric_belt_13_elf
2797;cleric_belt_13_human
2796;cleric_belt_14_elf
2795;cleric_belt_14_human
2794;cleric_belt_default_elf
2793;cleric_belt_default_human
2792;cleric_book_10_elf
2791;cleric_book_10_human
2790;cleric_book_11_elf
2789;cleric_book_11_human
2788;cleric_book_12_elf
2787;cleric_book_12_human
2786;cleric_book_13_elf
2785;cleric_book_13_human
2784;cleric_book_14_elf
2783;cleric_book_14_human
2782;cleric_book_default_elf
2781;cleric_book_default_human
2780;cleric_boots_10_elf
2779;cleric_boots_10_human
2778;cleric_boots_11_elf
2777;cleric_boots_11_human
2776;cleric_boots_12_elf
2775;cleric_boots_12_human
2774;cleric_boots_13_elf
2773;cleric_boots_13_human
2772;cleric_boots_14_elf
2771;cleric_boots_14_human
2770;cleric_boots_default_elf
2769;cleric_boots_default_human
2768;cleric_censer_10_elf
2767;cleric_censer_10_human
2766;cleric_censer_11_elf
2765;cleric_censer_11_human
2764;cleric_censer_12_elf
2763;cleric_censer_12_human
2762;cleric_censer_13_elf
2761;cleric_censer_13_human
2760;cleric_censer_14_elf
2759;cleric_censer_14_human
2758;cleric_censer_default_elf
2757;cleric_censer_default_human
2756;cleric_chest_10_elf
2755;cleric_chest_10_human
2754;cleric_chest_11_elf
2753;cleric_chest_11_human
2752;cleric_chest_12_elf
2751;cleric_chest_12_human
2750;cleric_chest_13_elf
2749;cleric_chest_13_human
2748;cleric_chest_14_elf
2747;cleric_chest_14_human
2746;cleric_chest_default_elf
2745;cleric_chest_default_human
2744;cleric_gloves_10_elf
2743;cleric_gloves_10_human
2742;cleric_gloves_11_elf
2741;cleric_gloves_11_human
2740;cleric_gloves_12_elf
2739;cleric_gloves_12_human
2738;cleric_gloves_13_elf
2737;cleric_gloves_13_human
2736;cleric_gloves_14_elf
2735;cleric_gloves_14_human
2734;cleric_helm_10_elf
2733;cleric_helm_10_human
2732;cleric_helm_11_elf
2731;cleric_helm_11_human
2730;cleric_helm_12_elf
2729;cleric_helm_12_human
2728;cleric_helm_13_elf
2727;cleric_helm_13_human
2726;cleric_helm_14_elf
2725;cleric_helm_14_human
2724;cleric_helm_default_elf
2723;cleric_helm_default_human
2722;cleric_pants_10_elf
2721;cleric_pants_10_human
2720;cleric_pants_11_elf
2719;cleric_pants_11_human
2718;cleric_pants_12_elf
2717;cleric_pants_12_human
2716;cleric_pants_13_elf
2715;cleric_pants_13_human
2714;cleric_pants_14_elf
2713;cleric_pants_14_human
2712;cleric_pants_default_elf
2711;cleric_pants_default_human
2710;cleric_ring_10
2709;cleric_ring_11
2708;cleric_ring_12
2707;cleric_shoulders_10_elf
2706;cleric_shoulders_10_human
2705;cleric_shoulders_11_elf
2704;cleric_shoulders_11_human
2703;cleric_shoulders_12_elf
2702;cleric_shoulders_12_human
2701;cleric_shoulders_13_elf
2700;cleric_shoulders_13_human
2699;cleric_shoulders_14_elf
2698;cleric_shoulders_14_human
2697;cleric_shoulders_default_elf
2696;cleric_shoulders_default_human
2695;clever
2694;clock
2693;clover_beer_pattern
2692;clover_girl_1
2691;clover_girl_2
2690;clover_girl_3
2689;clover_talisman_pattern
2688;cocked_quest
2687;coguar_01
2686;coguar_02
2685;coguar_03
2684;coguar_04
2683;coin
2682;coin_1
2681;coin_2
2680;coin_3
2679;coinCopper
2678;coinDiamond
2677;coinGold
2676;coinSilver
2675;cold_soul
2674;cold_soul_woof
2673;colder_ball
2672;colder_boss_debuff
2671;colder_boss_fear
2670;colder_broken
2669;colder_broken_part
2668;colder_candy_crit
2667;colder_cd_activator
2666;colder_ice
2665;colder_pesec_pet
2664;colder_tailen
2663;colony_coin
2662;comb_quest
2661;common_blank
2660;common_materials
2659;compass
2658;condensator
2657;control_immune
2656;cook_buff_1
2655;cook_buff_2
2654;cook_buff_3
2653;cook_buff_4
2652;cook_man_coin_copper
2651;cook_man_coin_gold
2650;cook_man_coin_silver
2649;cook_rep_box
2648;cookies
2647;cool
2646;copper
2645;copper_ingot
2644;copper_keys
2643;copper_tablet
2642;corpse_lure
2641;corsar_mark
2640;corsar_mark_dirty
2639;cougar_egg
2638;cougar_sleeping
2637;crab_body_quest
2636;crab_nipper_quest
2635;crackling_ice
2634;CraftTabIcon
2633;creaking_bones
2632;cristanum_casp
2631;croissant
2630;crown_book
2629;crude_leather
2628;crystal_ball
2627;crystal_dust
2626;crystallizing_dish
2625;cup
2624;cup_buff
2623;cupidon_dwarf_pet
2622;cupidon_goblin_pet
2621;currency_copper
2620;currency_copper_small
2619;currency_friend_small
2618;currency_gold
2617;currency_gold_small
2616;currency_ruby
2615;currency_ruby_small
2614;currency_silver
2613;currency_silver_small
2612;currency_tailen_blood_small
2611;currency_tailen_blue_glass_heart
2610;currency_tailen_blue_small
2609;currency_tailen_bronze_small
2608;currency_tailen_colder_small
2607;currency_tailen_event_small
2606;currency_tailen_expedition_small
2605;currency_tailen_goblin_land_small
2604;currency_tailen_green_small
2603;currency_tailen_halloween
2602;currency_tailen_halloween_small
2601;currency_tailen_halloween_tiny
2600;currency_tailen_lucky_coin_small
2599;currency_tailen_march_8
2598;currency_tailen_red_small
2597;currency_vkvoices_small
2596;cursed_soul
2595;cut_shoe
2594;damn_gold
2593;damned_compass
2592;darnos_claws_scroll
2591;dead_bell
2590;dead_man_skin
2589;dead_mask
2588;deadly_fish_bone
2587;death
2586;death_cloth
2585;death_pet
2584;death_shield
2583;death_thoughts
2582;debuff_ammunition_explosion
2581;debuff_broken_mast
2580;debuff_leak
2579;defence_aura
2578;defence_scroll
2577;demon_blood
2576;demon_hunter_armor
2575;demon_hunter_armor_rune
2574;demon_pet_1
2573;demon_pet_2
2572;demon_pet_3
2571;demonhunter_book
2570;demonic_casket_1
2569;demonic_casket_2
2568;demonic_casket_3
2567;demonic_casket_4
2566;demonic_casket_5
2565;demonic_casket_6
2564;demonic_casket_7
2563;demonic_casket_8
2562;demonic_casket_9
2561;demonic_elixir
2560;demonic_elixir_all
2559;demonic_elixir_damage
2558;demonic_elixir_defence
2557;demonic_elixir_health
2556;demonomicon
2555;demons_collar
2554;diamond_talisman
2553;diamond_tusk
2552;dim_scale_01
2551;dinamit
2550;disguise_corsar_blue
2549;disguise_corsar_red
2548;disguise_farmerspirit
2547;disguise_pirate_elf
2546;disguise_pirate_human
2545;disguise_pumpkin
2544;disguise_pumpkinwarrior
2543;disguise_vedma
2542;dispell_broken
2541;doll
2540;dopefish
2539;dragon
2538;dragon_acid
2537;dragon_air_crater
2536;dragon_airweb
2535;dragon_ancient_mark
2534;dragon_astral_leech
2533;dragon_banana_curse
2532;dragon_blood
2531;dragon_breath
2530;dragon_coldfire
2529;dragon_collar
2528;dragon_deathbreath
2527;dragon_earthpower
2526;dragon_fang
2525;dragon_female_01
2524;dragon_female_02
2523;dragon_female_03
2522;dragon_female_04
2521;dragon_female_egg
2520;dragon_female_sleeping
2519;dragon_firepower
2518;dragon_firestone
2517;dragon_flash
2516;dragon_fly
2515;dragon_freshflame
2514;dragon_funny_monkey
2513;dragon_griffin_rage
2512;dragon_grow_seed
2511;dragon_heart
2510;dragon_herbs_mixture
2509;dragon_hunting_cry
2508;dragon_hypnotic_light
2507;dragon_ignition
2506;dragon_key
2505;dragon_landslide_boom
2504;dragon_magic_cristal
2503;dragon_magicsyrup
2502;dragon_magicsyrup_blue
2501;dragon_magicsyrup_red
2500;dragon_male_01
2499;dragon_male_02
2498;dragon_male_03
2497;dragon_male_04
2496;dragon_male_egg
2495;dragon_male_sleeping
2494;dragon_mirror
2493;dragon_monkey_rush
2492;dragon_moonfavor
2491;dragon_moontear
2490;dragon_pacification
2489;dragon_pet_buff
2488;dragon_pig_revenge
2487;dragon_pig_screech
2486;dragon_pirate_repair
2485;dragon_scales
2484;dragon_sheep_revenge
2483;dragon_shockwave
2482;dragon_stone
2481;dragon_stoneaura
2480;dragon_storm_waiting
2479;dragon_torpor_clap
2478;dragon_tower_protect
2477;dragon_windhole
2476;dragon_windpower
2475;dragon_windshield
2474;dragon_wing
2473;dragon_words_wisdom
2472;dragons_bubble
2471;dragons_bubble_part
2470;dragons_bubble_recipe
2469;dragons_buff
2468;dragons_quest_tailen_convert
2467;dragons_shooter_stick
2466;dragons_token
2465;dragons_token_small
2464;dragons_token_small_8х8
2463;dragons_weather_shield
2462;dragons_weather_shield_01
2461;drake_league_of_blood
2460;drake_white_throne
2459;dream_mushroom
2458;drop_horn
2457;dull_copper
2456;dull_copper_ingot
2455;dull_gold
2454;dull_gold_ingot
2453;dull_iron
2452;dull_iron_ingot
2451;dull_mosaic
2450;dull_num
2449;dull_num_ingot
2448;dull_silver
2447;dull_silver_ingot
2446;dull_tiranium
2445;dull_tiranium_ingot
2444;dura_lex
2443;echidna_small
2442;eclair
2441;education_book_4_animal
2440;education_book_4_fish
2439;education_book_5_animal
2438;education_book_5_fish
2437;egg_quest
2436;electro_cristal
2435;electro_harpoon
2434;electropryanik
2433;electroshock
2432;elemental_negator
2431;elf_female_dress_guest
2430;elf_man_suit
2429;elf_woman_dress
2428;elixir_agility_10
2427;elixir_agility_11
2426;elixir_agility_12
2425;elixir_all_10
2424;elixir_armor_10
2423;elixir_armor_11
2422;elixir_armor_12
2421;elixir_attack_10
2420;elixir_attack_11
2419;elixir_attack_12
2418;elixir_attackmagic_10
2417;elixir_attackmagic_11
2416;elixir_attackmagic_12
2415;elixir_chancehit_10
2414;elixir_chancehit_11
2413;elixir_chancehit_12
2412;elixir_crit_10
2411;elixir_crit_11
2410;elixir_crit_12
2409;elixir_critmagic_10
2408;elixir_critmagic_11
2407;elixir_critmagic_12
2406;elixir_dodge_10
2405;elixir_dodge_11
2404;elixir_dodge_12
2403;elixir_energy_10
2402;elixir_energy_11
2401;elixir_energy_12
2400;elixir_focus_10
2399;elixir_focus_11
2398;elixir_focus_12
2397;elixir_health_10
2396;elixir_health_11
2395;elixir_health_12
2394;elixir_intellect_10
2393;elixir_intellect_10bl
2392;elixir_intellect_11
2391;elixir_intellect_12
2390;elixir_intellect_mech
2389;elixir_mana_10
2388;elixir_mana_11
2387;elixir_mana_12
2386;elixir_noob
2385;elixir_noob_mech
2384;elixir_restoreenergy_10
2383;elixir_restoreenergy_10bl
2382;elixir_restoreenergy_11
2381;elixir_restoreenergy_12
2380;elixir_restoreenergy_mech
2379;elixir_restorehealth_10
2378;elixir_restorehealth_11
2377;elixir_restorehealth_12
2376;elixir_restoremana_10
2375;elixir_restoremana_11
2374;elixir_restoremana_12
2373;elixir_shieldblock_10
2372;elixir_shieldblock_11
2371;elixir_shieldblock_12
2370;elixir_spirit_10
2369;elixir_spirit_11
2368;elixir_spirit_12
2367;elixir_stamina_10
2366;elixir_stamina_11
2365;elixir_stamina_12
2364;elixir_strength_10
2363;elixir_strength_11
2362;elixir_strength_12
2361;elven_oil_quest
2360;elven_sticks_quest
2359;emerald_talisman
2358;emotions_balls
2357;emotions_coins
2356;emotions_cool
2355;emotions_crow
2354;emotions_crown
2353;emotions_flies
2352;emotions_heart
2351;emotions_leaf
2350;emotions_loser
2349;emotions_nosmus_down
2348;emotions_skull
2347;empty_demonic_card
2346;empty_soul
2345;empty_soul_woof
2344;enemy_head
2343;energy_earth
2342;energy_of_water
2341;energy_purge
2340;engine_detail
2339;essence_of_life_01
2338;essence_of_life_10
2337;essence_snow
2336;exchange_arrow
2335;exp_icon
2334;expedition_blood
2333;expedition_cloak
2332;expedition_ice_boul
2331;expedition_ice_horn
2330;expedition_sword
2329;expedition_token
2328;expedition_warrior_mask
2327;eye
2326;fable_soul
2325;fable_soul_woof
2324;fair_attack_ring
2323;fair_defense_ring
2322;fairy_girl_cage
2321;fairy_girl_costume
2320;fallen_star
2319;farina_quest
2318;fast_scroll_speed
2317;fastening_press
2316;fatal_girl_costume
2315;fate_cards_quest
2314;fear_coin_copper
2313;fear_coin_gold
2312;fear_coin_silver
2311;fearan_bronze
2310;fearan_gold
2309;fearan_silver
2308;feather
2307;feather_gold
2306;female_blue_joker_costume
2305;female_red_joker_costume
2304;female_wedding_dress
2303;fifteenth_coin_copper
2302;fifteenth_coin_gold
2301;fifteenth_coin_silver
2300;filiar_meat_quest
2299;fire_alchemist_powder
2298;fire_avatar
2297;fire_bird
2296;fire_claw
2295;fire_crystal
2294;fire_crystal_big
2293;fire_crystal_small
2292;fire_curse_spell
2291;fire_energy
2290;fire_scroll
2289;fire_soul
2288;fire_soul_woof
2287;fire_star
2286;fire_strike
2285;firebug_mark
2284;firebug_mark_dirty
2283;firework_3_color
2282;firework_blue_big
2281;firework_blue_medium
2280;firework_blue_small
2279;firework_green_big
2278;firework_green_medium
2277;firework_green_small
2276;firework_red_big
2275;firework_red_medium
2274;firework_red_small
2273;firework_redheart
2272;fish_meat_quest
2271;fish_quest
2270;fishing_ingredient_1
2269;fishing_ingredient_2
2268;fishing_ingredient_3
2267;fishing_rep_box
2266;flask
2265;flask_default
2264;flask_icon_clover
2263;flask_might_10
2262;flask_might_11
2261;flask_might_12
2260;flask_quest
2259;flask_rage_10
2258;flask_rage_11
2257;flask_rage_12
2256;flask_spell_10
2255;flask_spell_11
2254;flask_spell_12
2253;flask_wisdom_10
2252;flask_wisdom_11
2251;flask_wisdom_12
2250;flowers_quest
2249;flying_kohillman
2248;flying_lizard_disguise
2247;flying_pig_disguise
2246;flying_sheep_disguise
2245;food_cheese
2244;food_curds
2243;food_for_beast
2242;food_for_pet
2241;food_ham
2240;food_loaf
2239;food_meat
2238;food_milk
2237;food_patty
2236;food_pie
2235;food_recipe
2234;food_sausage
2233;forest_dragon_tongue_quest
2232;forget_mirror
2231;fragment_of_a_treasure_map
2230;free_stomach_potion
2229;fresh_blood_spell
2228;frigate_league_of_blood
2227;frigate_white_throne
2226;frozen_ancestor
2225;frozen_chest
2224;fuel_can
2223;fuel_can_blue
2222;fuel_can_green
2221;fuel_can_red
2220;full_soul
2219;full_soul_woof
2218;gald_key
2217;galgos_mercy_scroll
2216;game_menu_arena_dialog
2215;game_menu_auction
2214;game_menu_bag_log
2213;game_menu_bugreport
2212;game_menu_clan_castles
2211;game_menu_craft
2210;game_menu_drop_collector
2209;game_menu_gifts
2208;game_menu_groups
2207;game_menu_hero_mall
2206;game_menu_info
2205;game_menu_inventory
2204;game_menu_item_mall
2203;game_menu_lottery
2202;game_menu_mail
2201;game_menu_map
2200;game_menu_mirrors
2199;game_menu_news
2198;game_menu_quest_log
2197;game_menu_rating
2196;game_menu_ruby_exchange
2195;game_menu_screenshot
2194;game_menu_settings
2193;game_menu_skill_book
2192;game_menu_vk_friends
2191;gamepanel_news_tab
2190;gamepanel_quests_tab
2189;gamepanel_system_tab
2188;gears
2187;generic_player_icon
2186;ghost_essence
2185;ghost_shield
2184;gift_big_blue
2183;gift_big_red
2182;gift_big_violet
2181;gift_medium_blue
2180;gift_medium_red
2179;gift_medium_violet
2178;gift_small_blue
2177;gift_small_red
2176;gift_small_violet
2175;gifty
2174;ginko
2173;ginko_essence
2172;gladiator_book
2171;glass_claw
2170;gloves_default
2169;gnome_telescope
2168;gnomish_strelomet
2167;goblin_coin_copper
2166;goblin_coin_gold
2165;goblin_coin_silver
2164;goblin_land_amulet
2163;goblin_land_avatar
2162;goblin_land_bite
2161;goblin_land_bottle_1
2160;goblin_land_bottle_2
2159;goblin_land_bottle_3
2158;goblin_land_bottle_4
2157;goblin_land_bottle_5
2156;goblin_land_knife
2155;goblin_land_meal
2154;goblin_land_net
2153;goblin_land_poison
2152;goblin_land_reputation
2151;goblin_land_sling
2150;goblin_land_token
2149;goblin_talisman
2148;gogo_female
2147;gogo_male
2146;gold
2145;gold_ingot
2144;gold_pick
2143;gold_pot
2142;gold_star
2141;golden_clover_quest
2140;golden_horn
2139;golden_key
2138;golden_scroll_of_escape
2137;golden_tablet
2136;golden_ticket
2135;goo
2134;good_beer_10
2133;goodwind_claw
2132;gost_bad_tusk
2131;gost_beast_claw
2130;gost_black_demonic_card
2129;gost_blue_demonic_card
2128;gost_corsar_mark
2127;gost_diamond_tusk
2126;gost_empty_demonic_card
2125;gost_fire_claw
2124;gost_firebug_mark
2123;gost_glass_claw
2122;gost_goodwind_claw
2121;gost_gray_demonic_card
2120;gost_green_demonic_card
2119;gost_iron_tusk
2118;gost_kvigg_mark
2117;gost_mushroomherd_mark
2116;gost_old_claw
2115;gost_orange_demonic_card
2114;gost_pihtun_mark
2113;gost_pirate_mark
2112;gost_poisoned_tusk
2111;gost_pumpkin_mark
2110;gost_red_demonic_card
2109;gost_salamandra_mark
2108;gost_seademon_tusk
2107;gost_sevenseas_claw
2106;gost_shark_tusk
2105;gost_shining_tusk
2104;gost_stone_claw
2103;gost_swampbeast_tusk
2102;gost_witch_claw
2101;gost_yellow_demonic_card
2100;grabber
2099;granion
2098;granion_extra
2097;grass_bunch
2096;grass_quest
2095;grassman_book
2094;grave_cold
2093;gray_chip
2092;gray_demonic_card
2091;great_blood_spell
2090;great_vial
2089;green_alchemist_powder
2088;green_champion_stripe
2087;green_demonic_card
2086;green_pumpkin_quest
2085;green_seal_archeologist
2084;green_soul_vial
2083;grem
2082;grem_essence
2081;grenade
2080;griffon
2079;griffon_disguise
2078;griffon_eggs
2077;griffon_riders_female_disguise
2076;griffon_riders_male_disguise
2075;grimoire_flame
2074;gryphon_feed
2073;gunner
2072;halloween_battle_bag_05
2071;halloween_blood_elixir
2070;halloween_blood_red_sphere
2069;halloween_bottle_attack_10
2068;halloween_bottle_health_10
2067;halloween_cleric_weapon
2066;halloween_cut_shoe
2065;halloween_dispell_broken
2064;halloween_elixir_intellect_10
2063;halloween_elixir_noob
2062;halloween_elixir_restoreenergy_10
2061;halloween_flask_rage_11
2060;halloween_ice_heart
2059;halloween_light_scroll
2058;halloween_mage_weapon
2057;halloween_pain_scroll
2056;halloween_paladin_weapon
2055;halloween_poison_alldec_10
2054;halloween_poison_armordec_10
2053;halloween_poison_attackspelldec_10
2052;halloween_poison_healthdec_10
2051;halloween_poison_manadec_10
2050;halloween_ribbon_halloween
2049;halloween_rogue_weapon
2048;halloween_scroll_aura_fear
2047;halloween_scroll_aura_gravitation
2046;halloween_scroll_aura_real_anger
2045;halloween_scroll_aura_real_negation
2044;halloween_shooter_weapon
2043;halloween_warrior_weapon
2042;haloween_elixir
2041;ham
2040;hammer_prof
2039;harpoon
2038;hat
2037;headless_prince_mask
2036;healer_book
2035;healing_balm
2034;healing_potion_1
2033;healing_potion_2
2032;healing_potion_3
2031;heart_of_steel
2030;heart_spell
2029;heavenly_freedom
2028;helm_default
2027;herald
2026;hero_reward_gold
2025;hero_reward_silver
2024;honeycake_coin_copper
2023;honeycake_coin_gold
2022;honeycake_coin_silver
2021;honour_level_0
2020;honour_level_1
2019;honour_level_10
2018;honour_level_11
2017;honour_level_12
2016;honour_level_2
2015;honour_level_3
2014;honour_level_4
2013;honour_level_5
2012;honour_level_6
2011;honour_level_7
2010;honour_level_8
2009;honour_level_9
2008;hop_golden
2007;hop_silver
2006;horror_qween_mask
2005;horseshoe_quest
2004;hug
2003;human_female_dress_guest
2002;human_man_suit
2001;human_woman_dress
2000;hunting_ingredient_1
1999;hunting_ingredient_2
1998;hunting_ingredient_3
1997;hunting_rep_box
1996;hunting_resource_key
1995;hunting_resource_key_ruby
1994;hurt_heart_spell
1993;hydro_power
1992;ice_blizzard_stone
1991;ice_heart
1990;ice_needle
1989;ice_needle_2_small
1988;ice_shield
1987;icing
1986;ignore_state_attention
1985;ikebana
1984;ikebana_treatise
1983;ill
1982;immune_aura
1981;impaling_harpoon
1980;incendiary_shells
1979;induk
1978;insanity
1977;insensibility
1976;interaction
1975;inventory_bag
1974;iron
1973;iron_ingot
1972;iron_tusk
1971;island_robots_tailen
1970;island_robots_tailen_small
1969;jaket_elf_men
1968;jaket_human_men
1967;jam
1966;jam_quest
1965;jar
1964;jar_full
1963;joke
1962;joker
1961;journal_quest
1960;joust_2x2_acid_flame
1959;joust_2x2_battle_bag_05
1958;joust_2x2_bottle_attack_10
1957;joust_2x2_bottle_health_10
1956;joust_2x2_bravery_mark
1955;joust_2x2_butcher_axe
1954;joust_2x2_cut_shoe
1953;joust_2x2_dispell_broken
1952;joust_2x2_dull_num_ingot
1951;joust_2x2_elixir_intellect_10
1950;joust_2x2_elixir_noob
1949;joust_2x2_elixir_restoreenergy_10
1948;joust_2x2_food_patty
1947;joust_2x2_ghost_shield
1946;joust_2x2_good_beer_10
1945;joust_2x2_light_scroll
1944;joust_2x2_pain_scroll
1943;joust_2x2_poison_alldec_10
1942;joust_2x2_poison_armordec_10
1941;joust_2x2_poison_attackspelldec_10
1940;joust_2x2_poison_cure_10
1939;joust_2x2_poison_healthdec_10
1938;joust_2x2_poison_manadec_10
1937;joust_2x2_scroll_aura_fear
1936;joust_2x2_scroll_aura_gravitation
1935;joust_2x2_scroll_aura_real_anger
1934;joust_2x2_scroll_aura_real_negation
1933;joust_2x2_scroll_sword_15_old
1932;joust_2x2_seal_defence
1931;joust_2x2_skill_war_cry
1930;judgement_scroll
1929;kadavr_kill
1928;kernel
1927;key
1926;key_of_archeolog_blue
1925;key_of_archeolog_blue_violet
1924;key_of_archeolog_green
1923;key_of_archeolog_green_blue
1922;key_of_archeolog_red
1921;key_of_archeolog_violet
1920;key_of_archeolog_violet_red
1919;key_of_archeolog_white
1918;key_of_archeolog_white_green
1917;keys
1916;king_blood_spell
1915;kingdom_coin_2_small
1914;kingdom_seal_1
1913;kingdom_seal_1_chest
1912;kiss
1911;knife_quest
1910;knowledge_key
1909;koala_bronze
1908;koala_gold
1907;koala_silver
1906;koala_small
1905;kolba_quest
1904;krots
1903;kvigg_mark
1902;kvigg_mark_dirty
1901;label_invaderl
1900;lady_night_mask
1899;lamp_pet_icon
1898;lard_quest
1897;lazurite_mix
1896;lazurite_plate
1895;lazurite_pouder
1894;leader_stone_quest
1893;leather_pocket
1892;legendary_soul
1891;lepr_coin_copper_1
1890;lepr_coin_gold_1
1889;lepr_coin_silver_1
1888;leprecon_chest_1
1887;leprecon_chest_10
1886;leprecon_chest_15
1885;leprecon_chest_20
1884;leprecon_chest_5
1883;leprecon_coin
1882;letter_quest
1881;life_find
1880;life_stone
1879;light_avatar
1878;light_bird
1877;light_scroll
1876;light_step_spell
1875;lilly_quest
1874;lion_01
1873;lion_02
1872;lion_03
1871;lion_04
1870;lion_collar
1869;lion_egg
1868;lion_grow_seed
1867;lion_sleeping
1866;list_quest
1865;little_ducks
1864;little_sack
1863;little_vial
1862;loam_idol
1861;loam_tablet
1860;log_coin_copper
1859;log_coin_gold
1858;log_coin_silver
1857;lol
1856;lolipop_01
1855;lolipop_02
1854;lolipop_03
1853;lolipop_04
1852;lolipop_05
1851;lolipop_06
1850;lolipop_07
1849;loupe
1848;love
1847;love_2
1846;lovers
1845;lowdefence_curse
1844;lowpower_curse
1843;luck_amulet
1842;luck_extractor
1841;lucky_clover_quest
1840;lucky_coin
1839;lucky_dust
1838;lynx_girl_costume
1837;m8_bouquet_1
1836;m8_bouquet_2
1835;m8_bouquet_3
1834;m8_bouquet_4
1833;m8_bouquet_5
1832;m8_bouquet_bigmix
1831;m8_bouquet_mix
1830;m8_flower_1
1829;m8_flower_2
1828;m8_flower_3
1827;m8_flower_4
1826;m8_flower_5
1825;mage
1824;mage_amulet_10
1823;mage_amulet_11
1822;mage_amulet_12
1821;mage_ball_10_elf
1820;mage_ball_10_human
1819;mage_ball_11_elf
1818;mage_ball_11_human
1817;mage_ball_12_elf
1816;mage_ball_12_human
1815;mage_ball_13_elf
1814;mage_ball_13_human
1813;mage_ball_14_elf
1812;mage_ball_14_human
1811;mage_ball_15_elf
1810;mage_ball_15_human
1809;mage_ball_default_elf
1808;mage_ball_default_human
1807;mage_belt_10_elf
1806;mage_belt_10_human
1805;mage_belt_11_elf
1804;mage_belt_11_human
1803;mage_belt_12_elf
1802;mage_belt_12_human
1801;mage_belt_13_elf
1800;mage_belt_13_human
1799;mage_belt_14_elf
1798;mage_belt_14_human
1797;mage_belt_default_elf
1796;mage_belt_default_human
1795;mage_boots_10_elf
1794;mage_boots_10_human
1793;mage_boots_11_elf
1792;mage_boots_11_human
1791;mage_boots_12_elf
1790;mage_boots_12_human
1789;mage_boots_13_elf
1788;mage_boots_13_human
1787;mage_boots_14_elf
1786;mage_boots_14_human
1785;mage_boots_default_elf
1784;mage_boots_default_human
1783;mage_chest_10_elf
1782;mage_chest_10_human
1781;mage_chest_11_elf
1780;mage_chest_11_human
1779;mage_chest_12_elf
1778;mage_chest_12_human
1777;mage_chest_13_elf
1776;mage_chest_13_human
1775;mage_chest_14_elf
1774;mage_chest_14_human
1773;mage_chest_default_elf
1772;mage_chest_default_human
1771;mage_gloves_10_elf
1770;mage_gloves_10_human
1769;mage_gloves_11_elf
1768;mage_gloves_11_human
1767;mage_gloves_12_elf
1766;mage_gloves_12_human
1765;mage_gloves_13_elf
1764;mage_gloves_13_human
1763;mage_gloves_14_elf
1762;mage_gloves_14_human
1761;mage_helm_10_elf
1760;mage_helm_10_human
1759;mage_helm_11_elf
1758;mage_helm_11_human
1757;mage_helm_12_elf
1756;mage_helm_12_human
1755;mage_helm_13_elf
1754;mage_helm_13_human
1753;mage_helm_14_elf
1752;mage_helm_14_human
1751;mage_helm_default_elf
1750;mage_helm_default_human
1749;mage_pants_10_elf
1748;mage_pants_10_human
1747;mage_pants_11_elf
1746;mage_pants_11_human
1745;mage_pants_12_elf
1744;mage_pants_12_human
1743;mage_pants_13_elf
1742;mage_pants_13_human
1741;mage_pants_14_elf
1740;mage_pants_14_human
1739;mage_pants_default_elf
1738;mage_pants_default_human
1737;mage_ring_10
1736;mage_ring_11
1735;mage_ring_12
1734;mage_shoulders_10_elf
1733;mage_shoulders_10_human
1732;mage_shoulders_11_elf
1731;mage_shoulders_11_human
1730;mage_shoulders_12_elf
1729;mage_shoulders_12_human
1728;mage_shoulders_13_elf
1727;mage_shoulders_13_human
1726;mage_shoulders_14_elf
1725;mage_shoulders_14_human
1724;mage_shoulders_default_elf
1723;mage_shoulders_default_human
1722;mage_staff_10_elf
1721;mage_staff_10_human
1720;mage_staff_11_elf
1719;mage_staff_11_human
1718;mage_staff_12_elf
1717;mage_staff_12_human
1716;mage_staff_13_elf
1715;mage_staff_13_human
1714;mage_staff_14_elf
1713;mage_staff_14_human
1712;mage_staff_default_elf
1711;mage_staff_default_human
1710;magic_amber
1709;magic_egg
1708;magic_key
1707;magic_letter_a
1706;magic_letter_a_frozen
1705;magic_letter_b
1704;magic_letter_b_frozen
1703;magic_letter_e
1702;magic_letter_e_frozen
1701;magic_letter_k
1700;magic_letter_k_frozen
1699;magic_letter_l
1698;magic_letter_l_frozen
1697;magic_letter_m
1696;magic_letter_m_frozen
1695;magic_letter_n
1694;magic_letter_n_frozen
1693;magic_letter_o
1692;magic_letter_o_frozen
1691;magic_letter_r
1690;magic_letter_r_frozen
1689;magic_letter_t
1688;magic_letter_t_frozen
1687;magic_letter_u
1686;magic_letter_u_frozen
1685;magic_letter_v
1684;magic_letter_v_frozen
1683;magic_letter_y
1682;magic_letter_y_frozen
1681;magic_metal
1680;magic_wand_green
1679;magic_wand_pink
1678;magic_wand_yellow
1677;magic_word_belvy
1676;magic_word_knub
1675;magic_word_marvynel
1674;magic_word_mubero
1673;magic_word_nottaku
1672;magic_word_ory
1671;MagicTabIcon
1670;magnifier
1669;mahrul_leaf_quest
1668;male_blue_joker_costume
1667;male_red_joker_costume
1666;mall_search
1665;mammoth_boss
1664;mammoth_pet
1663;manil_quest
1662;map
1661;map_compass
1660;map_share_coord
1659;map_window_flag_blue_select
1658;map_window_flag_blue_unselect
1657;map_window_flag_green_select
1656;map_window_flag_green_unselect
1655;map_window_flag_select
1654;map_window_flag_unselect
1653;map_window_global_map
1652;map_window_pointer
1651;march_8_boss_dispell
1650;march_8_fairy_teleport
1649;march_8_repitem
1648;march_8_token
1647;march_8_weapon2_box
1646;march_8_weapon2_melee
1645;march_8_weapon2_range
1644;marmalade_muun
1643;mask
1642;mask_quest
1641;master_acrheolog
1640;master_conqueror
1639;master_demon_hunter
1638;master_hunter
1637;meat_with_apples
1636;mech_power
1635;mech_shield
1634;mech_woodpecker
1633;mechanism
1632;mechanism_empty
1631;medal_individual_bear
1630;medal_individual_cat
1629;medal_individual_crab
1628;medal_individual_deer
1627;medal_individual_eagle
1626;medal_individual_ferret
1625;medal_individual_hamster
1624;medal_individual_lion
1623;medal_individual_owl
1622;medal_individual_rhino
1621;medal_individual_tiger
1620;medal_individual_wolf
1619;medallion_default
1618;medium_sack
1617;memory_block_1
1616;memory_block_2
1615;memory_block_3
1614;memory_block_4
1613;mercy_scroll
1612;merry_jaket_human_men
1611;merry_ring_female_elf_cool
1610;merry_ring_female_human_cool
1609;merry_ring_female_simple
1608;merry_ring_male_elf_cool
1607;merry_ring_male_human_cool
1606;merry_ring_male_simple
1605;merry_ticket
1604;meteor
1603;miel_bank
1602;mind_shield
1601;miner_book
1600;mirror_of_change
1599;mistic_sings
1598;money_icon
1597;mosaic_part_white
1596;mr_dork_ring
1595;muhomor
1594;muhomor_essence
1593;mushroom_rind_quest
1592;mushroomherd_mark
1591;mushroomherd_mark_dirty
1590;mutilation_spell
1589;muun_apples
1588;mystical_soul
1587;napkin_quest
1586;net_prof
1585;newbie_shield
1584;newyear_gift_big_blue
1583;newyear_gift_big_green
1582;newyear_gift_big_red
1581;newyear_gift_big_violet
1580;newyear_gift_big_white
1579;NoIcon
1578;no_words
1577;nobility_stone
1576;noble_boy_costume
1575;nobleman_ring
1574;non_quality_blank
1573;non_quality_materials
1572;none_axe_1
1571;none_axe_5
1570;none_belt_0
1569;none_belt_1
1568;none_blunt_0
1567;none_blunt_5
1566;none_boots_0
1565;none_boots_1
1564;none_chest_0
1563;none_chest_1
1562;none_pants_0
1561;none_pants_1
1560;none_sword_1
1559;none_sword_5
1558;north_wind
1557;northern_hunter_amulet
1556;northern_shaman_drum
1555;northgart_key
1554;npc_arena
1553;npc_pling_gold
1552;npc_pling_silver
1551;npc_question_gold
1550;npc_question_silver
1549;npc_teleport
1548;npc_trade_blue
1547;npc_trade_elixir
1546;npc_trade_fair
1545;npc_trade_food
1544;npc_trade_green
1543;npc_trade_mask
1542;npc_trade_poison
1541;npc_trade_repair
1540;npc_trade_scroll
1539;npc_trade_violet
1538;npc_trade_white
1537;num
1536;num_ingot
1535;numbered_token
1534;nurse_amulet_quest
1533;obedience_emanation_1
1532;obedience_emanation_2
1531;obedience_emanation_3
1530;obsidian_dragon
1529;obsidian_piece
1528;old_bag
1527;old_blank
1526;old_blood_spell
1525;old_claw
1524;old_clothes
1523;old_man
1522;old_materials
1521;old_scroll
1520;old_snow
1519;ominous_chest
1518;orange_demonic_card
1517;orange_soul_vial
1516;order_clan_dragon
1515;order_clan_garpiya
1514;order_clan_goblin
1513;order_clan_grifon
1512;order_clan_mantikora
1511;order_clan_minotaur
1510;order_clan_phoenix
1509;order_clan_salamander
1508;order_clan_troll
1507;order_clan_unicorn
1506;overheat
1505;owl_eye
1504;owl_eye_essence
1503;page_of_demonomicon
1502;pain_scroll
1501;paladin
1500;paladin_belt_10_elf
1499;paladin_belt_10_human
1498;paladin_belt_11_elf
1497;paladin_belt_11_human
1496;paladin_belt_12_elf
1495;paladin_belt_12_human
1494;paladin_belt_13_elf
1493;paladin_belt_13_human
1492;paladin_belt_14_elf
1491;paladin_belt_14_human
1490;paladin_belt_default_elf
1489;paladin_belt_default_human
1488;paladin_boots_10_elf
1487;paladin_boots_10_human
1486;paladin_boots_11_elf
1485;paladin_boots_11_human
1484;paladin_boots_12_elf
1483;paladin_boots_12_human
1482;paladin_boots_13_elf
1481;paladin_boots_13_human
1480;paladin_boots_14_elf
1479;paladin_boots_14_human
1478;paladin_boots_default_elf
1477;paladin_boots_default_human
1476;paladin_chest_10_elf
1475;paladin_chest_10_human
1474;paladin_chest_11_elf
1473;paladin_chest_11_human
1472;paladin_chest_12_elf
1471;paladin_chest_12_human
1470;paladin_chest_13_elf
1469;paladin_chest_13_human
1468;paladin_chest_14_elf
1467;paladin_chest_14_human
1466;paladin_chest_default_elf
1465;paladin_chest_default_human
1464;paladin_gloves_10_elf
1463;paladin_gloves_10_human
1462;paladin_gloves_11_elf
1461;paladin_gloves_11_human
1460;paladin_gloves_12_elf
1459;paladin_gloves_12_human
1458;paladin_gloves_13_elf
1457;paladin_gloves_13_human
1456;paladin_gloves_14_elf
1455;paladin_gloves_14_human
1454;paladin_gloves_default_elf
1453;paladin_gloves_default_human
1452;paladin_hammer_10_elf
1451;paladin_hammer_10_human
1450;paladin_hammer_11_elf
1449;paladin_hammer_11_human
1448;paladin_hammer_12_elf
1447;paladin_hammer_12_human
1446;paladin_hammer_13_elf
1445;paladin_hammer_13_human
1444;paladin_hammer_14_elf
1443;paladin_hammer_14_human
1442;paladin_hammer_default_elf
1441;paladin_hammer_default_human
1440;paladin_helm_10_elf
1439;paladin_helm_10_human
1438;paladin_helm_11_elf
1437;paladin_helm_11_human
1436;paladin_helm_12_elf
1435;paladin_helm_12_human
1434;paladin_helm_13_elf
1433;paladin_helm_13_human
1432;paladin_helm_14_elf
1431;paladin_helm_14_human
1430;paladin_helm_default_elf
1429;paladin_helm_default_human
1428;paladin_pants_10_elf
1427;paladin_pants_10_human
1426;paladin_pants_11_elf
1425;paladin_pants_11_human
1424;paladin_pants_12_elf
1423;paladin_pants_12_human
1422;paladin_pants_13_elf
1421;paladin_pants_13_human
1420;paladin_pants_14_elf
1419;paladin_pants_14_human
1418;paladin_pants_default_elf
1417;paladin_pants_default_human
1416;paladin_relic_10_elf
1415;paladin_relic_10_human
1414;paladin_relic_11_elf
1413;paladin_relic_11_human
1412;paladin_relic_12_elf
1411;paladin_relic_12_human
1410;paladin_relic_13_elf
1409;paladin_relic_13_human
1408;paladin_relic_14_elf
1407;paladin_relic_14_human
1406;paladin_relic_default_elf
1405;paladin_relic_default_human
1404;paladin_shoulders_10_elf
1403;paladin_shoulders_10_human
1402;paladin_shoulders_11_elf
1401;paladin_shoulders_11_human
1400;paladin_shoulders_12_elf
1399;paladin_shoulders_12_human
1398;paladin_shoulders_13_elf
1397;paladin_shoulders_13_human
1396;paladin_shoulders_14_elf
1395;paladin_shoulders_14_human
1394;paladin_shoulders_default_elf
1393;paladin_shoulders_default_human
1392;pants_default
1391;parchment
1390;parrot_weapon
1389;parrot_zombie_weapon
1388;party
1387;paw_quest
1386;pearl
1385;pearl_big
1384;pearl_chest
1383;pearl_quest
1382;pearl_small
1381;pearl_talisman
1380;pepelnik
1379;pepelnik_essence
1378;peses_coin_copper1
1377;peses_coin_gold1
1376;peses_coin_gold1_edited
1375;peses_coin_silver1
1374;pet_ceratos
1373;pet_housekeeper
1372;pet_housekeeper_part
1371;pet_market_card
1370;phoenix
1369;pick_draft
1368;pick_prof
1367;pick_quest
1366;pie
1365;piercing_strike
1364;pig_leg
1363;pig_soul
1362;piggy
1361;pihtun_mark
1360;pihtun_mark_dirty
1359;pillow_coin_copper
1358;pillow_coin_gold
1357;pillow_coin_silver
1356;pink_dough
1355;pipe_quest
1354;pirate_coin
1353;pirate_coin_small
1352;pirate_day_2014_pain_scroll
1351;pirate_day_2015_pain_scroll
1350;pirate_day_broken
1349;pirate_day_cabman_key
1348;pirate_day_contract
1347;pirate_day_eye
1346;pirate_day_eye_bondage
1345;pirate_day_nut
1344;pirate_day_offhand_feather
1343;pirate_day_offhand_heart
1342;pirate_day_offhand_skull
1341;pirate_day_payment
1340;pirate_day_repitem
1339;pirate_day_shipwreck
1338;pirate_flag
1337;pirate_flask
1336;pirate_mark
1335;pirate_mark_dirty
1334;plan_of_attack
1333;plantain_coin_gold
1332;player_cancel_search
1331;player_search
1330;poison_alldec_10
1329;poison_armordec_10
1328;poison_attackspelldec_10
1327;poison_cure_10
1326;poison_healthdec_10
1325;poison_manadec_10
1324;poison_quest
1323;poison_speeddec_10
1322;poisoned_tusk
1321;poisonous_spines_small
1320;postcard_newyear2009_AAAAAA_OMG
1319;pother
1318;potion_recipe
1317;pouder_quest
1316;powder
1315;power_scroll
1314;power_sphere
1313;press_of_demon_hunter_1
1312;press_of_demon_hunter_2
1311;press_of_demon_hunter_3
1310;press_of_demon_hunter_4
1309;press_of_demon_hunter_5
1308;press_of_the_archeologist
1307;pride_stone
1306;prince_charming_01
1305;prince_charming_02
1304;proff_alchemist
1303;proff_blacksmith
1302;proff_herbalist
1301;proff_miner
1300;proff_soul_catcher
1299;proff_weaver
1298;prosecution_scroll
1297;protect_barshot
1296;protect_cannonball
1295;protect_incendiary_cannonball
1294;pugo
1293;pumpkin_mark
1292;pumpkin_mark_dirty
1291;pumpkin_quest
1290;pumpking_helmet
1289;punisher_mark
1288;pupp_coin_copper
1287;pupp_coin_gold
1286;pupp_coin_silver
1285;puppet
1284;purple_alchemist_powder
1283;purple_champion_stripe
1282;purple_soul_vial
1281;purr
1280;pvp_scalp_elf
1279;pvp_scalp_human
1278;rabbit_foot
1277;race_elf_small
1276;race_human_small
1275;raidweer_key
1274;rainbow_bottle
1273;rainbow_essence
1272;ram_meat
1271;random_coin_copper
1270;random_coin_gold
1269;random_coin_silver
1268;recipe
1267;recipe_category_additional_stuff
1266;recipe_category_bags
1265;recipe_category_battle_bags
1264;recipe_category_cook
1263;recipe_category_event
1262;recipe_category_jewelry
1261;recipe_category_masters_craft
1260;recipe_category_potions
1259;recipe_category_runes
1258;recipe_fish
1257;recipe_fish_meat
1256;recipe_meat
1255;recovery
1254;red_alchemist_powder
1253;red_champion_stripe
1252;red_demonic_card
1251;red_essence_drop
1250;red_flower_quest
1249;red_goblin_babe
1248;red_soul_vial
1247;red_star
1246;red_stripe_quest
1245;regeneration
1244;remark
1243;repair_kit
1242;reply_icon
1241;repulsive_field
1240;reputation_honour_00
1239;reputation_honour_00_small
1238;reputation_honour_01
1237;reputation_honour_01_small
1236;reputation_honour_02
1235;reputation_honour_02_small
1234;reputation_honour_03
1233;reputation_honour_03_small
1232;reputation_honour_04
1231;reputation_honour_04_small
1230;reputation_honour_05
1229;reputation_honour_05_small
1228;reputation_honour_06
1227;reputation_honour_06_small
1226;reputation_honour_07
1225;reputation_honour_07_small
1224;reputation_honour_08
1223;reputation_honour_08_small
1222;reputation_honour_09
1221;reputation_honour_09_small
1220;reputation_honour_10
1219;reputation_honour_10_small
1218;reputation_honour_11
1217;reputation_honour_11_small
1216;reputation_honour_12
1215;reputation_honour_12_small
1214;reputation_honour_13
1213;reputation_honour_13_small
1212;reputation_honour_14
1211;reputation_honour_14_small
1210;reputation_honour_15
1209;reputation_honour_15_small
1208;reputation_honour_16
1207;reputation_honour_16_small
1206;reputation_honour_17
1205;reputation_honour_17_small
1204;reputation_honour_18
1203;reputation_honour_18_small
1202;reputation_honour_19
1201;reputation_honour_19_small
1200;reputation_honour_20
1199;reputation_honour_20_small
1198;reputation_honour_21
1197;reputation_honour_21_small
1196;reputation_honour_22
1195;reputation_honour_22_small
1194;reputation_honour_23
1193;reputation_honour_23_small
1192;reputation_honour_24
1191;reputation_honour_24_small
1190;reputation_honour_25
1189;reputation_honour_25_small
1188;reputation_pve1_0
1187;reputation_pve1_1
1186;reputation_pve1_2
1185;reputation_pve1_3
1184;reputation_pve1_4
1183;reputation_pve1_5
1182;reputation_pve1_6
1181;reputation_pve1_7
1180;reputation_pve1_8
1179;reputation_pve2_0
1178;reputation_pve2_1
1177;reputation_pve2_10
1176;reputation_pve2_11
1175;reputation_pve2_2
1174;reputation_pve2_3
1173;reputation_pve2_4
1172;reputation_pve2_5
1171;reputation_pve2_6
1170;reputation_pve2_7
1169;reputation_pve2_8
1168;reputation_pve2_9
1167;reputation_pve4_0
1166;reputation_pve4_1
1165;reputation_pve4_2
1164;reputation_pve4_3
1163;reputation_pve4_4
1162;reputation_pve4_5
1161;reputation_pve4_6
1160;reputation_pve4_7
1159;reputation_pve4_8
1158;reputation_pve4_9
1157;reputation_pve5_0
1156;reputation_pve5_1
1155;reputation_pve5_2
1154;reputation_pve5_3
1153;reputation_pve5_4
1152;reputation_pve5_5
1151;reputation_pve5_6
1150;reputation_pve5_7
1149;reputation_pve5_8
1148;reputation_pve6_0
1147;reputation_pve6_1
1146;reputation_pve6_2
1145;reputation_pve6_3
1144;reputation_pve6_4
1143;reputation_pvp1_0
1142;reputation_pvp1_1
1141;reputation_pvp1_2
1140;reputation_pvp1_3
1139;reputation_pvp1_4
1138;reputation_pvp1_5
1137;reputation_pvp1_6
1136;reputation_pvp1_7
1135;reputation_pvp1_8
1134;reputation_pvp2_0
1133;reputation_pvp2_1
1132;reputation_pvp2_2
1131;reputation_pvp2_3
1130;reputation_pvp2_4
1129;reputation_pvp2_5
1128;reputation_pvp2_6
1127;reputation_pvp2_7
1126;reputation_pvp3_0
1125;reputation_pvp3_1
1124;reputation_pvp3_2
1123;reputation_pvp3_3
1122;reputation_pvp3_4
1121;reputation_pvp4_0
1120;reputation_pvp4_1
1119;reputation_pvp4_10
1118;reputation_pvp4_2
1117;reputation_pvp4_3
1116;reputation_pvp4_4
1115;reputation_pvp4_5
1114;reputation_pvp4_6
1113;reputation_pvp4_7
1112;reputation_pvp4_8
1111;reputation_pvp4_9
1110;reputation_pvp6_0
1109;reputation_pvp6_1
1108;reputation_pvp6_2
1107;reputation_pvp6_3
1106;reputation_pvp6_4
1105;reputation_pvp6_5
1104;reputation_pvp6_6
1103;reputation_pvp6_7
1102;reputation_pvp6_8
1101;reputation_pvp6_9
1100;reputation_rep10_0
1099;reputation_rep10_1
1098;reputation_rep10_2
1097;reputation_rep10_3
1096;reputation_rep10_4
1095;reputation_rep10_5
1094;reputation_rep10_6
1093;reputation_rep10_7
1092;reputation_rep10_8
1091;reputation_rep14_0
1090;reputation_rep14_1
1089;reputation_rep14_2
1088;reputation_rep14_3
1087;reputation_rep14_4
1086;reputation_rep15_0
1085;reputation_rep15_1
1084;reputation_rep15_2
1083;reputation_rep15_3
1082;reputation_rep15_4
1081;reputation_rep15_5
1080;reputation_rep15_6
1079;reputation_rep15_7
1078;reputation_rep16_0
1077;reputation_rep16_1
1076;reputation_rep16_new_0
1075;reputation_rep16_new_1
1074;reputation_rep16_new_2
1073;reputation_rep16_new_3
1072;reputation_rep16_new_4
1071;reputation_rep17_0
1070;reputation_rep17_1
1069;reputation_rep17_10
1068;reputation_rep17_11
1067;reputation_rep17_2
1066;reputation_rep17_3
1065;reputation_rep17_4
1064;reputation_rep17_5
1063;reputation_rep17_6
1062;reputation_rep17_7
1061;reputation_rep17_8
1060;reputation_rep17_9
1059;reputation_rep18_0
1058;reputation_rep18_1
1057;reputation_rep18_2
1056;reputation_rep18_3
1055;reputation_rep18_4
1054;reputation_rep18_5
1053;reputation_rep19_0
1052;reputation_rep19_1
1051;reputation_rep19_2
1050;reputation_rep19_3
1049;reputation_rep19_4
1048;reputation_rep21_0
1047;reputation_rep21_1
1046;reputation_rep21_10
1045;reputation_rep21_2
1044;reputation_rep21_3
1043;reputation_rep21_4
1042;reputation_rep21_5
1041;reputation_rep21_6
1040;reputation_rep21_7
1039;reputation_rep21_8
1038;reputation_rep21_9
1037;reputation_rep22_0
1036;reputation_rep22_1
1035;reputation_rep22_2
1034;reputation_rep22_3
1033;reputation_rep22_4
1032;reputation_rep22_5
1031;reputation_rep22_6
1030;reputation_rep22_7
1029;reputation_rep22_8
1028;reputation_rep22_9
1027;reputation_rep23_0
1026;reputation_rep23_1
1025;reputation_rep23_2
1024;reputation_rep23_3
1023;reputation_rep23_4
1022;reputation_rep23_5
1021;reputation_rep24_0
1020;reputation_rep24_1
1019;reputation_rep24_2
1018;reputation_rep24_3
1017;reputation_rep24_4
1016;reputation_rep24_5
1015;reputation_rep25_1
1014;reputation_rep25_2
1013;reputation_rep25_3
1012;reputation_rep25_4
1011;reputation_rep25_5
1010;reputation_rep25_6
1009;reputation_rep26_1
1008;reputation_rep26_2
1007;reputation_rep26_3
1006;reputation_rep26_4
1005;reputation_rep26_5
1004;reputation_rep27_1
1003;reputation_rep27_2
1002;reputation_rep27_3
1001;reputation_rep27_4
1000;reputation_rep27_5
999;reputation_rep28_1
998;reputation_rep28_2
997;reputation_rep28_3
996;reputation_rep28_4
995;reputation_rep28_5
994;reputation_rep28_6
993;reputation_rep28_7
992;reputation_rep28_8
991;reputation_rep28_9
990;reputation_rep30_0
989;reputation_rep30_1
988;reputation_rep30_2
987;reputation_rep30_3
986;reputation_rep30_4
985;reputation_rep30_5
984;reputation_rep31_01
983;reputation_rep31_02
982;reputation_rep31_03
981;reputation_rep31_04
980;reputation_rep33_01
979;reputation_rep33_02
978;reputation_rep33_03
977;reputation_rep33_04
976;reputation_rep33_05
975;reputation_rep34_0
974;reputation_rep34_1
973;reputation_rep34_2
972;reputation_rep34_3
971;reputation_rep34_4
970;reputation_rep34_5
969;reputation_rep34_6
968;reputation_rep35_0
967;reputation_rep35_1
966;reputation_rep35_2
965;reputation_rep35_3
964;reputation_rep35_4
963;reputation_rep35_5
962;reputation_rep35_6
961;reputation_rep36_0
960;reputation_rep36_1
959;reputation_rep36_2
958;reputation_rep36_3
957;reputation_rep36_4
956;reputation_rep36_5
955;reputation_rep36_6
954;reputation_rep37_0
953;reputation_rep37_1
952;reputation_rep37_2
951;reputation_rep37_3
950;reputation_rep37_4
949;reputation_rep37_5
948;reputation_rep38_0
947;reputation_rep38_1
946;reputation_rep38_2
945;reputation_rep38_3
944;resurrection_scroll
943;resurrection_stone
942;reward_medallion_bronze
941;reward_medallion_gold
940;reward_medallion_metal
939;reward_medallion_silver
938;reward_medallion_wooden
937;rex_pet_icon
936;rib
935;ribbon_quest
934;rider_female
933;rider_male
932;ring_blood_moon_10
931;ring_burning_night_5
930;ring_dawn_5
929;ring_default
928;ring_draft
927;ring_full_cup_5
926;ring_glass_dust_10
925;ring_ice_guard_10
924;ring_market_card
923;ring_quest
922;ring_rune
921;ring_singing_trees_5
920;ring_sloe_branch_5
919;ring_winter_claws_10
918;ritual_brace
917;ritual_cup
916;robochest
915;robot_part
914;rogue
913;rogue_amulet_10
912;rogue_amulet_11
911;rogue_amulet_12
910;rogue_belt_10_elf
909;rogue_belt_10_human
908;rogue_belt_11_elf
907;rogue_belt_11_human
906;rogue_belt_12_elf
905;rogue_belt_12_human
904;rogue_belt_13_elf
903;rogue_belt_13_human
902;rogue_belt_14_elf
901;rogue_belt_14_human
900;rogue_belt_default_elf
899;rogue_belt_default_human
898;rogue_boots_10_elf
897;rogue_boots_10_human
896;rogue_boots_11_elf
895;rogue_boots_11_human
894;rogue_boots_12_elf
893;rogue_boots_12_human
892;rogue_boots_13_elf
891;rogue_boots_13_human
890;rogue_boots_14_elf
889;rogue_boots_14_human
888;rogue_boots_default_elf
887;rogue_boots_default_human
886;rogue_chest_10_elf
885;rogue_chest_10_human
884;rogue_chest_11_elf
883;rogue_chest_11_human
882;rogue_chest_12_elf
881;rogue_chest_12_human
880;rogue_chest_13_elf
879;rogue_chest_13_human
878;rogue_chest_14_elf
877;rogue_chest_14_human
876;rogue_chest_default_elf
875;rogue_chest_default_human
874;rogue_daggers_10_elf
873;rogue_daggers_10_human
872;rogue_daggers_11_elf
871;rogue_daggers_11_human
870;rogue_daggers_12_elf
869;rogue_daggers_12_human
868;rogue_daggers_13_elf
867;rogue_daggers_13_human
866;rogue_daggers_14_elf
865;rogue_daggers_14_human
864;rogue_daggers_default_elf
863;rogue_daggers_default_human
862;rogue_gloves_10_elf
861;rogue_gloves_10_human
860;rogue_gloves_11_elf
859;rogue_gloves_11_human
858;rogue_gloves_12_elf
857;rogue_gloves_12_human
856;rogue_gloves_13_elf
855;rogue_gloves_13_human
854;rogue_gloves_14_elf
853;rogue_gloves_14_human
852;rogue_helm_10_elf
851;rogue_helm_10_human
850;rogue_helm_11_elf
849;rogue_helm_11_human
848;rogue_helm_12_elf
847;rogue_helm_12_human
846;rogue_helm_13_elf
845;rogue_helm_13_human
844;rogue_helm_14_elf
843;rogue_helm_14_human
842;rogue_helm_default_elf
841;rogue_helm_default_human
840;rogue_knife_10_elf
839;rogue_knife_10_human
838;rogue_knife_11_elf
837;rogue_knife_11_human
836;rogue_knife_12_elf
835;rogue_knife_12_human
834;rogue_knife_13_elf
833;rogue_knife_13_human
832;rogue_knife_14_elf
831;rogue_knife_14_human
830;rogue_knife_15_elf
829;rogue_knife_15_human
828;rogue_knife_default_elf
827;rogue_knife_default_human
826;rogue_pants_10_elf
825;rogue_pants_10_human
824;rogue_pants_11_elf
823;rogue_pants_11_human
822;rogue_pants_12_elf
821;rogue_pants_12_human
820;rogue_pants_13_elf
819;rogue_pants_13_human
818;rogue_pants_14_elf
817;rogue_pants_14_human
816;rogue_pants_default_elf
815;rogue_pants_default_human
814;rogue_ring_10
813;rogue_ring_11
812;rogue_ring_12
811;rogue_shoulders_10_elf
810;rogue_shoulders_10_human
809;rogue_shoulders_11_elf
808;rogue_shoulders_11_human
807;rogue_shoulders_12_elf
806;rogue_shoulders_12_human
805;rogue_shoulders_13_elf
804;rogue_shoulders_13_human
803;rogue_shoulders_14_elf
802;rogue_shoulders_14_human
801;rogue_shoulders_default_elf
800;rogue_shoulders_default_human
799;roll_quest
798;rroru_bird_disguise
797;rubber_duck_dress
796;ruby_chest
795;ruby_coin_copper
794;ruby_coin_gold
793;ruby_coin_silver
792;ruby_dealer
791;rune_attack_weapon1_1
790;rune_attack_weapon1_10
789;rune_attack_weapon1_5
788;rune_attack_weapon2_1
787;rune_attack_weapon2_10
786;rune_attack_weapon2_5
785;rune_belt
784;rune_belt_attack_1
783;rune_belt_attack_10
782;rune_belt_attack_5
781;rune_belt_defense_1
780;rune_belt_defense_10
779;rune_belt_defense_5
778;rune_belt_health_1
777;rune_belt_health_10
776;rune_belt_health_5
775;rune_boots
774;rune_boots_attack_1
773;rune_boots_attack_10
772;rune_boots_attack_5
771;rune_boots_defense_1
770;rune_boots_defense_10
769;rune_boots_defense_5
768;rune_boots_health_1
767;rune_boots_health_10
766;rune_boots_health_5
765;rune_chest
764;rune_chest_attack_1
763;rune_chest_attack_10
762;rune_chest_attack_5
761;rune_chest_defense_1
760;rune_chest_defense_10
759;rune_chest_defense_5
758;rune_chest_health_1
757;rune_chest_health_10
756;rune_chest_health_5
755;rune_defense_weapon1_1
754;rune_defense_weapon1_10
753;rune_defense_weapon1_5
752;rune_defense_weapon2_1
751;rune_defense_weapon2_10
750;rune_defense_weapon2_5
749;rune_draft
748;rune_flask
747;rune_gloves
746;rune_gloves_attack_1
745;rune_gloves_attack_10
744;rune_gloves_attack_5
743;rune_gloves_defense_1
742;rune_gloves_defense_10
741;rune_gloves_defense_5
740;rune_gloves_health_1
739;rune_gloves_health_10
738;rune_gloves_health_5
737;rune_health_weapon1_1
736;rune_health_weapon1_10
735;rune_health_weapon1_5
734;rune_health_weapon2_1
733;rune_health_weapon2_10
732;rune_health_weapon2_5
731;rune_helm
730;rune_helm_attack_1
729;rune_helm_attack_10
728;rune_helm_attack_5
727;rune_helm_defense_1
726;rune_helm_defense_10
725;rune_helm_defense_5
724;rune_helm_health_1
723;rune_helm_health_10
722;rune_helm_health_5
721;rune_medallion_attack_10
720;rune_medallion_attack_15
719;rune_medallion_attack_5
718;rune_medallion_defense_10
717;rune_medallion_defense_15
716;rune_medallion_defense_5
715;rune_medallion_health_10
714;rune_medallion_health_15
713;rune_medallion_health_5
712;rune_pants
711;rune_pants_attack_1
710;rune_pants_attack_10
709;rune_pants_attack_5
708;rune_pants_defense_1
707;rune_pants_defense_10
706;rune_pants_defense_5
705;rune_pants_health_1
704;rune_pants_health_10
703;rune_pants_health_5
702;rune_scroll
701;rune_shoulders
700;rune_shoulders_attack_1
699;rune_shoulders_attack_10
698;rune_shoulders_attack_5
697;rune_shoulders_defense_1
696;rune_shoulders_defense_10
695;rune_shoulders_defense_5
694;rune_shoulders_health_1
693;rune_shoulders_health_10
692;rune_shoulders_health_5
691;rune_spell_attack
690;rune_spell_defense
689;rune_spell_heal
688;rune_weapon
687;rune_weapon2
686;runes_quest
685;runestone
684;rust
683;ruzr_heart_quest
682;ruzr_skin_quest
681;sack_pattern
680;sad
679;salamandra_mark
678;salamandra_mark_dirty
677;salutdr
676;santas_lil_helper_bronze
675;santas_lil_helper_gold
674;santas_lil_helper_silver
673;sapphire_talisman
672;satir_horn_quest
671;scaner
670;scarf
669;scarf_quest
668;scheme_bilder_suit
667;scheme_dull_mosaic
666;schroedinger_box
665;scinner_knife
664;scipetr_quest
663;scout_mark
662;scrap_metal_quest
661;scroll_anti_burn
660;scroll_aoe_shield
659;scroll_aura_fear
658;scroll_aura_gravitation
657;scroll_aura_negation
656;scroll_aura_of_hunter
655;scroll_aura_real_anger
654;scroll_aura_real_negation
653;scroll_bag_16
652;scroll_blackmark
651;scroll_blinding
650;scroll_boost_berserk
649;scroll_boost_damage
648;scroll_burn
647;scroll_collector_exchange
646;scroll_disguise
645;scroll_disruptor
644;scroll_draft
643;scroll_fast_draft
642;scroll_fast_runner
641;scroll_fast_speed_draft
640;scroll_fog
639;scroll_ghost_shield
638;scroll_gladiator
637;scroll_of_avatar
636;scroll_of_escape
635;scroll_of_return
634;scroll_order_crown
633;scroll_paralysis
632;scroll_run_speed
631;scroll_speed_15_common
630;scroll_speed_15_new
629;scroll_speed_15_old
628;scroll_speed_15_rare
627;scroll_speed_30_common
626;scroll_speed_30_new
625;scroll_speed_30_old
624;scroll_speed_30_rare
623;scroll_sword_15_common
622;scroll_sword_15_new
621;scroll_sword_15_old
620;scroll_sword_15_rare
619;scroll_sword_30_common
618;scroll_sword_30_new
617;scroll_sword_30_old
616;scroll_sword_30_rare
615;scroll_teleport_aimar
614;scroll_teleport_brand
613;scroll_teleport_brand_newbie
612;scroll_teleport_capital_elf
611;scroll_teleport_capital_men
610;scroll_teleport_fiorl
609;scroll_teleport_mainillion
608;scroll_teleport_niana
607;scroll_teleport_niana_newbie
606;scroll_teleport_nidbi
605;scroll_teleport_tartalya
604;scroll_teleport_umo
603;scroll_valentin_01
602;scroll_valentin_02
601;scroll_valentin_03
600;scroll_valentin_04
599;sculptor_instrument_quest
598;scythe_part
597;sea_dragon_tooth_quest
596;sea_ore_quest
595;seademon_tusk
594;seal_defence
593;seal_dot_free
592;seal_of_executor
591;seal_root_free
590;season_card_1
589;season_card_10
588;season_card_11
587;season_card_12
586;season_card_2
585;season_card_3
584;season_card_4
583;season_card_5
582;season_card_6
581;season_card_7
580;season_card_8
579;season_card_9
578;seaweed_quest
577;secret_map_quest
576;secret_word_1
575;secret_word_10
574;secret_word_15
573;secret_word_20
572;secret_word_5
571;seed_quest
570;sevenseas_claw
569;shade_scroll
568;shard_scales
567;shark_tusk
566;shelf
565;shell
564;shell_quest
563;shield_default
562;shining_tusk
561;ship_doctor
560;ship_navigator
559;shit_plant
558;shooter
557;shooter_amulet_10
556;shooter_amulet_11
555;shooter_amulet_12
554;shooter_belt_10_elf
553;shooter_belt_10_human
552;shooter_belt_11_elf
551;shooter_belt_11_human
550;shooter_belt_12_elf
549;shooter_belt_12_human
548;shooter_belt_13_elf
547;shooter_belt_13_human
546;shooter_belt_14_elf
545;shooter_belt_14_human
544;shooter_belt_default_elf
543;shooter_belt_default_human
542;shooter_boots_10_elf
541;shooter_boots_10_human
540;shooter_boots_11_elf
539;shooter_boots_11_human
538;shooter_boots_12_elf
537;shooter_boots_12_human
536;shooter_boots_13_elf
535;shooter_boots_13_human
534;shooter_boots_14_elf
533;shooter_boots_14_human
532;shooter_boots_default_elf
531;shooter_boots_default_human
530;shooter_bow_10_elf
529;shooter_bow_10_human
528;shooter_bow_11_elf
527;shooter_bow_11_human
526;shooter_bow_12_elf
525;shooter_bow_12_human
524;shooter_bow_13_elf
523;shooter_bow_13_human
522;shooter_bow_14_elf
521;shooter_bow_14_human
520;shooter_bow_default_elf
519;shooter_bow_default_human
518;shooter_chest_10_elf
517;shooter_chest_10_human
516;shooter_chest_11_elf
515;shooter_chest_11_human
514;shooter_chest_12_elf
513;shooter_chest_12_human
512;shooter_chest_13_elf
511;shooter_chest_13_human
510;shooter_chest_14_elf
509;shooter_chest_14_human
508;shooter_chest_default_elf
507;shooter_chest_default_human
506;shooter_gloves_10_elf
505;shooter_gloves_10_human
504;shooter_gloves_11_elf
503;shooter_gloves_11_human
502;shooter_gloves_12_elf
501;shooter_gloves_12_human
500;shooter_gloves_13_elf
499;shooter_gloves_13_human
498;shooter_gloves_14_elf
497;shooter_gloves_14_human
496;shooter_helm_10_elf
495;shooter_helm_10_human
494;shooter_helm_11_elf
493;shooter_helm_11_human
492;shooter_helm_12_elf
491;shooter_helm_12_human
490;shooter_helm_13_elf
489;shooter_helm_13_human
488;shooter_helm_14_elf
487;shooter_helm_14_human
486;shooter_helm_default_elf
485;shooter_helm_default_human
484;shooter_pants_10_elf
483;shooter_pants_10_human
482;shooter_pants_11_elf
481;shooter_pants_11_human
480;shooter_pants_12_elf
479;shooter_pants_12_human
478;shooter_pants_13_elf
477;shooter_pants_13_human
476;shooter_pants_14_elf
475;shooter_pants_14_human
474;shooter_pants_default_elf
473;shooter_pants_default_human
472;shooter_quiver_10_elf
471;shooter_quiver_10_human
470;shooter_quiver_11_elf
469;shooter_quiver_11_human
468;shooter_quiver_12_elf
467;shooter_quiver_12_human
466;shooter_quiver_13_elf
465;shooter_quiver_13_human
464;shooter_quiver_14_elf
463;shooter_quiver_14_human
462;shooter_quiver_15_elf
461;shooter_quiver_15_human
460;shooter_quiver_default_elf
459;shooter_quiver_default_human
458;shooter_ring_10
457;shooter_ring_11
456;shooter_ring_12
455;shooter_shoulders_10_elf
454;shooter_shoulders_10_human
453;shooter_shoulders_11_elf
452;shooter_shoulders_11_human
451;shooter_shoulders_12_elf
450;shooter_shoulders_12_human
449;shooter_shoulders_13_elf
448;shooter_shoulders_13_human
447;shooter_shoulders_14_elf
446;shooter_shoulders_14_human
445;shooter_shoulders_default_elf
444;shooter_shoulders_default_human
443;shoulders_default
442;shy
441;sickle_draft
440;sickle_prof
439;siege_plan
438;sieve_quest
437;sign_herald
436;sign_of_almaur
435;sign_of_aruba
434;sign_of_aster
433;sign_of_badrus
432;sign_of_beol
431;sign_of_brugge
430;sign_of_celestr
429;sign_of_citrya
428;sign_of_curn
427;silence_aura
426;silver
425;silver_flame_crystal
424;silver_ingot
423;silver_keys
422;silver_pick
421;silverware_quest
420;silveryn_mix
419;silveryn_plate
418;silveryn_pouder
417;singing_wood_quest
416;sining_wave_crystal
415;skazka_fizz
414;skazka_food
413;skazka_letter
412;skill_alert_eye
411;skill_aura_negation
410;skill_backstab
409;skill_black_arrow
408;skill_blinding
407;skill_blizzard_spear
406;skill_bloody_mess
405;skill_bluff
404;skill_bonus_exp
403;skill_chameleon
402;skill_concentration
401;skill_coolness
400;skill_destiny_blades
399;skill_elemental_shield
398;skill_faith_strike
397;skill_fall_prey
396;skill_fill
395;skill_fire_blade
394;skill_fire_wind
393;skill_flame_strike
392;skill_fog
391;skill_frenzy
390;skill_frezy_prayer
389;skill_ghost_shield
388;skill_god_anger
387;skill_heretic_mark
386;skill_hunger_wind
385;skill_hunting_web
384;skill_hurricane
383;skill_ice_boundage
382;skill_lightning
381;skill_mental_strike
380;skill_paralysis
379;skill_power_strike
378;skill_rage_strike
377;skill_rectum_out
376;skill_regeneration
375;skill_retribution_hammer
374;skill_sacred_word
373;skill_shadow_dance
372;skill_shadow_gift
371;skill_slackening_shot
370;skill_sparks
369;skill_stone_shoot
368;skill_stun
367;skill_taunt
366;skill_thunder_fist
365;skill_torn_clould
364;skill_trance
363;skill_tree_power
362;skill_war_cry
361;skin_breakdown
360;skull
359;skull_cup
358;sky_essence
357;sky_food
356;sky_herd_disguise
355;slower
354;small_bug
353;small_scroll
352;small_scroll_fire
351;smile
350;smoke_grass
349;smoke_grass_essence
348;snowball
347;snowstorm_sphere
346;social_dashboard_action
345;social_dashboard_admin
344;social_dashboard_contest
343;social_dashboard_event
342;social_dashboard_fix
341;social_dashboard_post
340;social_dashboard_tournament
339;soft_leather
338;soft_leather_quest
337;soul_boiler
336;soup
335;spade_quest
334;special_spike
333;speed_boots
332;spell_disruptor
331;spices
330;spider_web_quest
329;spring_elf_female
328;spring_elf_male
327;spring_human_female
326;spring_human_male
325;spunch_quest
324;squirrell_rage
323;st_patric_hat
322;st_patric_pot
321;star_fire
320;stasis
319;steel_defence_spell
318;steel_gear
317;steel_sword_spell
316;steel_warrior_0
315;steel_warrior_1
314;steel_warrior_2
313;steel_web
312;stem_quest
311;stickum
310;stitching_prof
309;stone_claw
308;stone_flower
307;stone_flower_treatise
306;stone_scroll
305;stone_teleport
304;stop_currents
303;strawberry
302;strawberry_quest
301;striptease_ticket
300;strong_armor
299;strong_shell
298;strong_soul
297;strong_soul_woof
296;sugar
295;sugar_powder
294;superman_boy_costume
293;supply_chest
292;swamp_moss
291;swamp_moss_essence
290;swampbeast_tusk
289;sweet_basket
288;sweet_moss
287;sweet_moss_essence
286;switch_focus
285;switch_focus_friend
284;tailen_blood
283;tailen_blue
282;tailen_colder
281;tailen_event
280;tailen_goldenbutton
279;tailen_goldenbutton_medium
278;tailen_goldenbutton_small
277;tailen_green
276;tailen_halloween
275;tailen_red
274;talisman_1
273;talisman_default
272;talisman_rune
271;target_tracking
270;team_leader_flag
269;team_looser_flag
268;tears
267;teleport_plate
266;telescope
265;temple_bell
264;temptress_01
263;temptress_02
262;tenth_coin_gold
261;the_victims
260;three_element_stone
259;three_element_stone_chest
258;thunder_crystal_quest
257;tick_tock
256;ticket_key
255;tiranium
254;tiranium_ingot
253;toadstool
252;toadstool_essence
251;token_craft
250;token_dead
249;token_inst
248;token_pvp_elf
247;token_pvp_human
246;token_region
245;tongue_quest
244;toolbox_quest
243;tools
242;tooltip_click_icon
241;tooltip_compare_arrow_icon
240;tooltip_double_click_icon
239;tooltip_expiration_icon
238;tooltip_item_locked_icon
237;tooltip_left_marker_icon
236;tooltip_lifetime_icon
235;tooltip_shift_press_icon
234;totem_damage
233;totem_heal
232;tower
231;trainer_alchemist
230;trainer_blacksmith
229;trainer_herbalist
228;trainer_mage
227;trainer_miner
226;trainer_monk
225;trainer_ranger
224;trainer_rouge
223;trainer_soul_catcher
222;trainer_warrior
221;trainer_weaver
220;transformation_scroll
219;trap_for_wind_quest
218;trap_quest
217;trash_item_1
216;trash_item_2
215;traveler_spell
214;traveler_stone
213;traveler_stone_activated
212;treasure_casket
211;treekin_quest
210;trinket
209;trinket_default
208;triumf_mark
207;trophy_default
206;trophy_made_of_beast_claws
205;trophy_made_of_fire_claws
204;trophy_made_of_glass_claws
203;trophy_made_of_mystical_claws
202;trophy_made_of_old_claws
201;trophy_made_of_sevenseas_claws
200;trophy_made_of_stone_claws
199;trophy_made_of_tusk_claws
198;trophy_made_of_witch_claws
197;truln_ring_quest
196;trunk_drop
195;tuber_meat_quest
194;turtle_body_quest
193;turtle_scale_quest
192;tusk_quest
191;two_star
190;unicorn
189;valentin_amulet
188;valentin_amulet2
187;valentin_amulet_3
186;valentin_amulet_4
185;valentin_amulet_upgrade
184;valentin_amulet_upgrade_1
183;valentin_boss_buff
182;valentin_candy
181;valentin_daily_quest_item
180;valentin_daily_reward
179;valentin_equipment_key
178;valentin_gravity
177;valentin_heart_1
176;valentin_heart_2
175;valentin_heart_3
174;valentin_monthly_quest_item
173;valentin_push
172;valentin_quest_arrow
171;valentin_repitem
170;valentin_shield_dispell
169;valentine_trinket
168;vampire_mask
167;vial
166;vial_form
165;vicious_minds
164;victory_bronzemark
163;victory_goldmark
162;victory_ironmark
161;victory_silvermark
160;victory_woodmark
159;violet_alchemist_powder
158;violet_crystall
157;violet_stone_quest
156;violets
155;violets_essence
154;warm_scroll
153;warrior
152;warrior_amulet_10
151;warrior_amulet_11
150;warrior_amulet_12
149;warrior_belt_10_elf
148;warrior_belt_10_human
147;warrior_belt_11_elf
146;warrior_belt_11_human
145;warrior_belt_12_elf
144;warrior_belt_12_human
143;warrior_belt_13_elf
142;warrior_belt_13_human
141;warrior_belt_14_elf
140;warrior_belt_14_human
139;warrior_belt_default_elf
138;warrior_belt_default_human
137;warrior_boots_10_elf
136;warrior_boots_10_human
135;warrior_boots_11_elf
134;warrior_boots_11_human
133;warrior_boots_12_elf
132;warrior_boots_12_human
131;warrior_boots_13_elf
130;warrior_boots_13_human
129;warrior_boots_14_elf
128;warrior_boots_14_human
127;warrior_boots_default_elf
126;warrior_boots_default_human
125;warrior_chest_10_elf
124;warrior_chest_10_human
123;warrior_chest_11_elf
122;warrior_chest_11_human
121;warrior_chest_12_elf
120;warrior_chest_12_human
119;warrior_chest_13_elf
118;warrior_chest_13_human
117;warrior_chest_14_elf
116;warrior_chest_14_human
115;warrior_chest_default_elf
114;warrior_chest_default_human
113;warrior_gloves_10_elf
112;warrior_gloves_10_human
111;warrior_gloves_11_elf
110;warrior_gloves_11_human
109;warrior_gloves_12_elf
108;warrior_gloves_12_human
107;warrior_gloves_13_elf
106;warrior_gloves_13_human
105;warrior_gloves_14_elf
104;warrior_gloves_14_human
103;warrior_helm_10_elf
102;warrior_helm_10_human
101;warrior_helm_11_elf
100;warrior_helm_11_human
99;warrior_helm_12_elf
98;warrior_helm_12_human
97;warrior_helm_13_elf
96;warrior_helm_13_human
95;warrior_helm_14_elf
94;warrior_helm_14_human
93;warrior_helm_default_elf
92;warrior_helm_default_human
91;warrior_luck
90;warrior_pants_10_elf
89;warrior_pants_10_human
88;warrior_pants_11_elf
87;warrior_pants_11_human
86;warrior_pants_12_elf
85;warrior_pants_12_human
84;warrior_pants_13_elf
83;warrior_pants_13_human
82;warrior_pants_14_elf
81;warrior_pants_14_human
80;warrior_pants_default_elf
79;warrior_pants_default_human
78;warrior_ring_10
77;warrior_ring_11
76;warrior_ring_12
75;warrior_shield_10_elf
74;warrior_shield_10_human
73;warrior_shield_11_elf
72;warrior_shield_11_human
71;warrior_shield_12_elf
70;warrior_shield_12_human
69;warrior_shield_13_elf
68;warrior_shield_13_human
67;warrior_shield_14_elf
66;warrior_shield_14_human
65;warrior_shield_default_elf
64;warrior_shield_default_human
63;warrior_shoulders_10_elf
62;warrior_shoulders_10_human
61;warrior_shoulders_11_elf
60;warrior_shoulders_11_human
59;warrior_shoulders_12_elf
58;warrior_shoulders_12_human
57;warrior_shoulders_13_elf
56;warrior_shoulders_13_human
55;warrior_shoulders_14_elf
54;warrior_shoulders_14_human
53;warrior_shoulders_default_elf
52;warrior_shoulders_default_human
51;warrior_sword_10_elf
50;warrior_sword_10_human
49;warrior_sword_11_elf
48;warrior_sword_11_human
47;warrior_sword_12_elf
46;warrior_sword_12_human
45;warrior_sword_13_elf
44;warrior_sword_13_human
43;warrior_sword_14_elf
42;warrior_sword_14_human
41;warrior_sword_default_elf
40;warrior_sword_default_human
39;water_scroll
38;wax
37;weapon_chest
36;weather_shield
35;web_quest
34;wedge_quest
33;wheel
32;whip
31;white_alchemist_powder
30;white_champion_stripe
29;white_mammoth_fur
28;white_seal_archeologist
27;white_soul_vial
26;widow_tears
25;widow_tears_essence
24;wind_avatar
23;wind_bird
22;wind_scroll
21;wings_buff
20;witch_blood_red_sphere
19;witch_claw
18;witch_cut_shoe
17;witch_dispell_broken
16;witch_ice_heart
15;witcher_book
14;wolf_pet
13;wolf_skin_quest
12;wonder
11;wood_spirit_crystal
10;wooden_lattice
9;wool_white_boar_quest
8;xmas_boots
7;xmas_gloves
6;xmas_mandarin
5;yazichky
4;yazichky_essence
3;yellow_alchemist_powder
2;yellow_demonic_card
1;zeppelin_badge
